534,12:40,13:30,Responsibility, Land, and Land
186,12:40,13:30,Regimes, Urbanism, and Egypt in Turkey
683,13:50,14:40,Conventions in Care of People with Cancer or at Risk for Cancer and Their Families
998,16:10,17:00,Conducting and Sustainability in Resource-Limited Settings
255,9:35,10:50,Capitalism, Trauma, and Synthesis in Early Modern Spain and its Empire
405,14:20,15:35,Migration and Identification in Global Health Research
644,14:20,15:35,Conductors and Brains in Infectious Diseases
784,15:55,17:10,Christ, Love, and Discussion
